{
  "gen": "gen_001",
  "score": 47.03753776583085,
  "avgScore": 0.47037537765830845,
  "count": 1000,
  "catScores": {
    "factual": {
      "sum": 10.111560630859882,
      "count": 25
    },
    "math": {
      "sum": 8.038844669053397,
      "count": 25
    },
    "cs_theory": {
      "sum": 14.22105324301952,
      "count": 25
    },
    "language": {
      "sum": 13.063216099551793,
      "count": 25
    },
    "coding_trivia": {
      "sum": 9.736112618830171,
      "count": 25
    },
    "logic_puzzles": {
      "sum": 9.108808799007903,
      "count": 25
    },
    "api_knowledge": {
      "sum": 0,
      "count": 25
    },
    "devops": {
      "sum": 9.868030204651506,
      "count": 25
    },
    "code_js": {
      "sum": 24.11483044184659,
      "count": 40
    },
    "code_python": {
      "sum": 25.60770643144369,
      "count": 40
    },
    "bash_tasks": {
      "sum": 17.125315674340573,
      "count": 40
    },
    "file_ops": {
      "sum": 10.18378580109986,
      "count": 30
    },
    "regex": {
      "sum": 12.789743139155465,
      "count": 25
    },
    "sql": {
      "sum": 21.633119644171835,
      "count": 25
    },
    "data_transform": {
      "sum": 8.609325352316706,
      "count": 25
    },
    "git_ops": {
      "sum": 11.132686941630203,
      "count": 25
    },
    "debug": {
      "sum": 14.324522849671462,
      "count": 25
    },
    "web_fetch": {
      "sum": 11.863045058270405,
      "count": 25
    },
    "build_and_test": {
      "sum": 32.17498542428937,
      "count": 50
    },
    "research_and_code": {
      "sum": 13.027161845669033,
      "count": 50
    },
    "refactor": {
      "sum": 23.98535606612601,
      "count": 50
    },
    "system_design": {
      "sum": 29.898884390052952,
      "count": 50
    },
    "pipeline": {
      "sum": 14.723785985430109,
      "count": 50
    },
    "explain_and_implement": {
      "sum": 35.27205719797451,
      "count": 50
    },
    "edge_cases": {
      "sum": 20.282255302575447,
      "count": 40
    },
    "error_recovery": {
      "sum": 21.600682342625866,
      "count": 40
    },
    "security": {
      "sum": 18.073491851695806,
      "count": 30
    },
    "trick_questions": {
      "sum": 10.445374815090343,
      "count": 30
    },
    "performance": {
      "sum": 18.435608436005154,
      "count": 30
    },
    "multi_tool_chain": {
      "sum": 0.9240264018530555,
      "count": 30
    }
  },
  "tierScores": {
    "T1": {
      "sum": 74.14762626497412,
      "count": 200
    },
    "T2": {
      "sum": 157.38408133394668,
      "count": 300
    },
    "T3": {
      "sum": 149.08223090954206,
      "count": 300
    },
    "T4": {
      "sum": 89.76143914984566,
      "count": 200
    }
  },
  "timestamp": "2026-03-29T12:48:42.791Z",
  "weakest": "api_knowledge"
}